,Article Name,Description,Author(s),Author Type(s),Date,URL
0,Trump Wants Supreme Court To Decide Whether He Sexually Abused E. Jean Carroll,Trump is on the hook for $5 million in this case—but a favorable ruling from the Supreme Court would also put the $83.3 million judgment against him at risk.,,,,https://www.forbes.com/sites/alisondurkee/2025/09/03/trump-wants-supreme-court-to-decide-whether-he-sexually-abused-e-jean-carroll/
1,Trump Approval Rating: Unchanged From Last Week At 41% In Latest Poll,"The latest survey, released Sept. 3, shows Trump has a 41% approval rating.",,,,https://www.forbes.com/sites/saradorn/2025/09/03/trump-approval-rating-unchanged-from-last-week-at-41-in-latest-poll/
2,Trump Suggests Sending National Guard To New Orleans Instead Of Chicago—Potentially Avoiding Legal Hurdle,Trump made the comments after a court ruled Tuesday he illegally deployed troops to Los Angeles in June without the governor’s permission.,,,,https://www.forbes.com/sites/saradorn/2025/09/03/trump-suggests-sending-national-guard-to-new-orleans-instead-of-chicago-potentially-avoiding-legal-hurdle/
3,InnovationRx: Inside The Crisis At The CDC,"In this week’s edition of InnovationRx, we look at the Walgreens' new CEO, Alnylam's blood pressure treatment, and more.",,,,https://www.forbes.com/sites/innovationrx/2025/09/03/innovationrx-inside-the-crisis-at-the-cdc/
4,Eric Trump Becomes A Billionaire,It’s not just the president getting rich on crypto. His heirs are also making millions for themselves.,,,,https://www.forbes.com/sites/kylemullins/2025/09/03/eric-trump-becomes-a-billionaire/
5,"Trump Will Appeal Tariff Decision To Supreme Court, He Says—Here’s What To Know",The president said he’ll ask the court to decide the tariffs’ legality on Wednesday.,,,,https://www.forbes.com/sites/alisondurkee/2025/09/03/trump-will-appeal-tariff-decision-to-supreme-court-he-says-heres-what-to-know/
6,House Committee Releases First Set Of Subpoenaed Epstein Files,It is not yet clear what share of the files released Tuesday contained previously unknown information.,,,,https://www.forbes.com/sites/antoniopequenoiv/2025/09/02/house-committee-releases-first-set-of-subpoenaed-epstein-files/
7,Trump Family’s WLFI Token Debuts 5 To 15 Times Above Early Sale Prices Despite Drop,"Hours after its debut, World Liberty Financial proposed using trading fees to buy back and burn WLFI tokens, permanently shrinking supply.",,,,https://www.forbes.com/sites/zacheverson/2025/09/02/trump-crypto-token-wlfi-world-liberty-financial/
8,"Trump Claims Video Of Objects Thrown Out White House Window Was Fake, ‘Probably’ AI",The White House told Time the objects were thrown out of a second floor window by a contractor. ,,,,https://www.forbes.com/sites/antoniopequenoiv/2025/09/02/trump-claims-video-of-objects-thrown-out-white-house-window-was-fake-probably-ai/
9,"Who’s Eligible For No Tax On Tips? Trump’s New Policy Set To Include Influencers, Uber Drivers And More","Workers in nearly 70 occupations are set to be included in the new policy, according to reports.",,,,https://www.forbes.com/sites/alisondurkee/2025/09/02/whos-eligible-for-no-tax-on-tips-trumps-new-policy-set-to-include-influencers-uber-drivers-and-more/
