,Topic,URL
0,Best-In-State Top Next-Gen Wealth Advisors 2025,https://www.forbes.com/lists/best-in-state-next-gen-advisors/
1,Breaking News,https://www.forbes.com/news/
2,White House Watch,https://www.forbes.com/trump/
3,Daily Cover Stories,https://www.forbes.com/daily-cover-stories/
4,AIâ€™s Nuanced Impact And A Quest To Quantify It,https://www.forbes.com/sites/forbes-research/2023/10/26/c-suite-data-reveals-ais-nuanced-impact--a-quest-to-quantify-it/
5,DNA of Success,https://www.forbes.com/sites/forbesvideo/2023/11/01/dna-of-success-2023/
6,Embracing And Bracing For AI,https://www.forbes.com/sites/forbes-research/2023/10/26/new-forbes-survey-reveals-how-executives-are-embracing---and-bracing-for---ai/
7,"Facing A Volatile Market, C-Suites Look To The CFO For Strategic Guidance",https://www.forbes.com/sites/forbes-research/2023/11/01/facing-a-volatile-market-c-suites-look-to-the-cfo-for-strategic-guidance/
8,By The Numbers: Meet The Forbes 30 Under 30 Europe Class Of 2025,https://www.forbes.com/30-under-30/2025/europe/
9,Scaling AI,https://www.forbes.com/sites/forbesvideo/2024/09/16/scaling-ai
10,Next Billion-Dollar Startups 2025,https://www.forbes.com/sites/amyfeldman/2025/08/12/next-billion-dollar-startups-2025/
11,The World's Highest-Paid Tennis Players 2025,https://www.forbes.com/sites/brettknight/2025/08/22/the-worlds-highest-paid-tennis-players-2025/
12,CXO Spotlight: The Executive's Guide to AI Video Series,https://www.forbes.com/sites/forbesvideo/2024/02/21/cxo-spotlight/
13,World's Billionaires,https://www.forbes.com/billionaires/
14,Forbes 400,https://www.forbes.com/forbes-400/
15,America's Richest Self-Made Women,https://www.forbes.com/self-made-women/
16,China's Richest,https://www.forbes.com/lists/china-billionaires/
17,India's Richest,https://www.forbes.com/lists/india-billionaires/
18,Indonesia's Richest,https://www.forbes.com/lists/indonesia-billionaires/
19,Korea's Richest,https://www.forbes.com/lists/korea-billionaires/
20,Thailand's Richest,https://www.forbes.com/lists/thailand-billionaires/
21,Japan's Richest,https://www.forbes.com/lists/japan-billionaires/
22,Australia's Richest,https://www.forbes.com/lists/australia-billionaires/
23,Taiwan's Richest,https://www.forbes.com/lists/taiwan-billionaires/
24,Singapore's Richest,https://www.forbes.com/lists/singapore-billionaires/
25,Philippines' Richest,ttps://www.forbes.com/lists/philippines-billionaires/
26,Hong Kong's Richest,ttps://www.forbes.com/lists/hong-kong-billionaires/
27,Malaysia's Richest,https://www.forbes.com/lists/malaysia-billionaires/
28,Money & Politics ,https://www.forbes.com/money-politics/
29,Workflow Collaboration,https://www.forbes.com/topics/workflow-collaboration/
30,AI,https://www.forbes.com/ai/
31,Agentic AI,https://www.forbes.com/topics/agentic-ai/
32,Big Data,https://www.forbes.com/big-data/
33,Cloud,https://www.forbes.com/cloud/
34,Cloud 100,https://www.forbes.com/lists/cloud100/
35,Consumer Tech,https://www.forbes.com/consumer-tech/
36,Creator Economy,https://www.forbes.com/creator-economy/
37,Cybersecurity,https://www.forbes.com/cybersecurity/
38,Digital Transformation,https://www.forbes.com/digital-transformation/
39,Enterprise Tech,https://www.forbes.com/enterprise-tech/
40,Future Of Work,https://www.forbes.com/future-of-work/
41,Gaming,https://www.forbes.com/gaming/
42,Healthcare,https://www.forbes.com/healthcare/
43,Innovation Rules,https://www.forbes.com/sites/forbesvideo/article/innovation-rules/
44,Retail Industry,https://www.forbes.com/topics/retail-industry/
45,Science,https://www.forbes.com/science/
46,Social Media,https://www.forbes.com/social-media/
47,Sustainability & Climate,https://www.forbes.com/sustainability/
48,Transportation,https://www.forbes.com/transportation/
49,Venture Capital,https://www.forbes.com/venture-capital/
50,Technology,https://www.forbes.com/sites/technology/
51,Enterprise AI,https://www.forbes.com/topics/enterprise-ai/
52,C-Suite,https://www.forbes.com/cxo/
53,Careers,https://www.forbes.com/careers/
54,Education,https://www.forbes.com/education/
55,ForbesBLK,https://www.forbes.com/blk-leadership/
56,Forbes Research,https://www.forbes.com/leadership/forbes-research/
57,ForbesWomen,https://www.forbes.com/forbeswomen/
58,Banking & Insurance,https://www.forbes.com/banking-insurance/
59,ETFs & Mutual Funds,https://www.forbes.com/etfs-mutual-funds/
60,Fintech,https://www.forbes.com/fintech/
61,Hedge Funds & Private Equity,https://www.forbes.com/hedge-funds-private-equity/
62,Investing,https://www.forbes.com/investing/
63,Investor Hub,https://www.forbes.com/sites/investor-hub/
64,Markets,https://www.forbes.com/markets/
65,Personal Finance,https://www.forbes.com/personal-finance/
66,Retirement,https://www.forbes.com/retirement/
67,Taxes,https://www.forbes.com/taxes/
68,Top Advisor | SHOOK,https://www.forbes.com/top-advisor-shook/ 
69,Wealth Management,https://www.forbes.com/wealth-management/ 
70,News,https://www.forbes.com/digital-assets/news/
71,Crypto Prices,https://www.forbes.com/digital-assets/crypto-prices/
72,NFT Prices,https://www.forbes.com/digital-assets/nft-prices/
73,Research,https://www.forbes.com/digital-assets/research/
74,Learn,https://www.forbes.com/digital-assets/learn/
75,Events,https://www.forbes.com/digital-assets/events/
76,Crypto Portfolios,https://www.forbes.com/digital-assets/crypto-advisor-portfolio/
77,Aerospace & Defense,https://www.forbes.com/aerospace-defense/
78,Energy,https://www.forbes.com/energy/
79,Food & Drink,https://www.forbes.com/food-drink/
80,Hollywood & Entertainment,https://www.forbes.com/hollywood-entertainment/
81,Law,https://www.forbes.com/law/
82,Manufacturing,https://www.forbes.com/manufacturing/
83,Media,https://www.forbes.com/media/
84,Policy,https://www.forbes.com/policy/
85,Retail,https://www.forbes.com/retail/
86,SportsMoney,https://www.forbes.com/sportsmoney/
87,Entertainment Digest,https://www.forbes.com/sites/entertainment/
88,Entrepreneurs,https://www.forbes.com/entrepreneurs/
89,Franchises,https://www.forbes.com/franchises/
90,Small Business Strategy,https://www.forbes.com/small-business-strategy/
91,Arts,https://www.forbes.com/arts/
92,Boats & Planes,https://www.forbes.com/boats-planes/
93,Cars & Bikes,https://www.forbes.com/cars-bikes/
94,Dining,https://www.forbes.com/dining/
95,ForbesLife,https://www.forbes.com/forbeslife/
96,Forbes Travel Guide,https://www.forbes.com/forbes-travel-guide/
97,Spirits,https://www.forbes.com/spirits/
98,Style & Beauty,https://www.forbes.com/style-beauty/
99,Travel,https://www.forbes.com/travel/
100,Vices,https://www.forbes.com/vices/
101,Watches,https://www.forbes.com/watches-jewelry/
102,Commercial Real Estate,https://www.forbes.com/commercial-real-estate/
103,Forbes Global Properties,https://www.forbes.com/forbes-global-properties/
104,Residential Real Estate,https://www.forbes.com/residential-real-estate/
105,Mattress & Sleep,https://www.forbes.com/vetted/mattress-sleep/
106,Home,https://www.forbes.com/vetted/home/
107,Fashion,https://www.forbes.com/vetted/fashion/
108,Kids & Baby Gear,https://www.forbes.com/vetted/kids-baby-gear/
109,Gear,https://www.forbes.com/vetted/gear/
110,Beauty & Grooming,https://www.forbes.com/vetted/beauty-grooming/
111,Tech & Electronics,https://www.forbes.com/vetted/tech-electronics/
112,Travel,https://www.forbes.com/vetted/travel/
113,Gifts,https://www.forbes.com/vetted/gifts/
114,Deals,https://www.forbes.com/vetted/deals/
115,View All Stores,https://www.forbescoupons.com/brand/
116,30 Under 30,https://www.forbes.com/under30/
117,50 Over 50,https://www.forbes.com/over-50/
118,Top Colleges,https://www.forbes.com/top-colleges/
119,Credit Cards,https://www.forbes.com/advisor/credit-cards/
120,Mortgages & Loans,https://www.forbes.com/advisor/mortgages/
121,Banking,https://www.forbes.com/advisor/banking/
122,Insurance,https://www.forbes.com/advisor/insurance/
123,Business Services,https://www.forbes.com/advisor/business/
124,Home Services,https://www.forbes.com/home-improvement/
125,Education,https://www.forbes.com/advisor/education/
126,Forbes Advisor UK,https://www.forbes.com/uk/advisor/
127,Forbes Advisor CA,https://www.forbes.com/advisor/ca/
128,Forbes Advisor AU,https://www.forbes.com/advisor/au/
129,Mental Health,https://www.forbes.com/health/mind/
130,CBD,https://www.forbes.com/health/cbd/
131,Supplements,https://www.forbes.com/health/supplements/
132,Hearing Health,https://www.forbes.com/health/hearing-aids/
133,Medical Devices,https://www.forbes.com/health/medical-alert-systems/
134,Diet & Weight Loss,https://www.forbes.com/health/weight-loss/
135,Forbes Daily,https://www.forbes.com/newsletter/forbes-daily/
136,Editorial Newsletters,https://account.forbes.com/newsletters/?utm_source=forbes&utm_medium=featured&utm_campaign=navigation
137,Frase by Forbes,https://www.forbes.com/frase/
138,Pinpoint by LinkedIn,https://www.forbes.com/games/pinpoint/
139,Queens by LinkedIn,https://www.forbes.com/games/queens/
140,Crossclimb by LinkedIn,https://www.forbes.com/games/crossclimb/
141,Forbes Video,https://www.forbes.com/video/
142,Forbes 101,https://www.forbes.com/forbes-101/
